timestamp,count
1744225010845,0
1744225011200,0
1744225012199,0
1744225013172,0
1744225014197,0
1744225015203,0
1744225016222,0
1744225017224,0
1744225077092,0
1744225077176,0
1744225078175,0
1744225079217,0
1744225080220,0
1744225081203,0
1744225082200,0
1744225083213,0
1744225084213,0
1744225085204,0
1744225086197,0
1744225087254,0
1744225088260,0
1744225089236,0
1744225090237,0
1744225091235,0
1744225092256,0
1744225093259,0
1744225094301,0
1744225095269,0
1744225096258,0
1744225097273,0
1744225098271,0
1744225099276,0
1744225100256,0
1744225101274,0
1744225102282,0
1744225103332,0
1744225104332,0
1744225105312,0
1744225106288,0
1744225107304,0
